分類	書名	説明	URL
經部	十三經注疏	嘉靖中福建刊本　有山井鼎山井璞助識語	../ShiSanJingZhuShu/html/top.html
經部	十三經註疏 殘	崇禎中古虞毛氏汲古閣刊本	A034menu.html
經部	周易正義　十四卷	唐孔穎達等奉敕撰　舊鈔本	../ShiSanJingZhuShu/html/A014menu.html
經部	周易筮述　八卷	淸王弘撰撰　乾隆五十八年朝坂蕭氏滋德堂刊本	A029menu.html
經部	尚書正義　二十卷	漢孔安國傳　唐孔穎達等疏　弘化四年熊本藩時習館用足利學校藏南宋本景刊	A027menu.html
經部	尚書譜　五卷	清梅鴛撰　鈔本	A046menu.html
經部	古文尚書冤詞補正 不分卷	淸周春撰　民國二十七年徐征鈔本	A048menu.html
經部	古文尚書條辨  五卷	淸梁上國撰　鈔本	A050menu.html
經部	書序答問  一卷	淸王詠霓撰　刊本	A049menu.html
經部	毛詩 二十卷	日本鈔本	A044menu.html
經部	新鐫鄒臣虎先生詩經翼註講意　不分卷	明鄒之麟撰   刊本	A042menu.html
經部	周禮正義殘		A064menu.html
經部	律呂新書淺釋		A053menu.html
經部	春秋釋例十五卷		A055menu.html
經部	附釋音春秋左傳註疏　六十卷	晉杜預注　唐陸德明音義　唐孔穎達等疏　宋刊本	A017menu.html
經部	監本附音春秋公羊註疏　二十八卷	漢何休學　唐陸德明音義　□闕名疏　宋刊本	A018menu.html
經部	監本附音春秋穀梁傳註疏　二十卷	晉范甯集解　唐陸德明音義　唐楊士勛疏　宋刊本	A019menu.html
經部	春秋解 十五卷	宋胡銓撰　鈔本	A037menu.html
經部	論語十卷坿南宗論語考異一卷天文板論語考		A056menu.html
經部	論語　零片	魏何晏集解　舊鈔本	A015menu.html
經部	大學章句一卷中庸章句一卷論語集註十卷孟子集註十四卷		A057menu.html
經部	大學億　二卷 釋疑　一卷	明王道撰 中御門資煕鈔本	A041menu.html
經部	古文孝經一卷坿附錄一卷		A058menu.html
經部	同文囮雅 六卷	□雲厓居士撰   鈔本	A043menu.html
經部	說文解字　十五卷	漢許愼撰　宋徐鉉等奉敕校定　虞山毛氏汲古閣刊第四次修改本	A030menu.html
經部	說文解字　十五卷	漢許愼撰　宋徐鉉等奉敕校定　據汲古閣本重刊　有惠棟席世昌校語席淏識語圖記	A020menu.html
經部	說文解字　十五卷	漢許愼撰　宋徐鉉等奉敕校定　乾隆三十八年大興朱氏椒華吟舫據汲古閣本重刊	A038menu.html
經部	說文解字　十五卷　 坿 　汲古閣說文解字校記　一卷	光緒七年淮南書局據汲古閣第四次樣本重刊	A024menu.html
經部	說文解字	[經-Ⅹ-2-8]	A054menu.html
經部	說文解字	[經-Ⅹ-2-9]	A052menu.html
經部	說文解字　十五卷　 坿 　通檢　十四卷　末一卷	漢許愼撰　宋徐鉉等奉敕校定　通檢　淸黎永椿撰　同治十二年番禺陳昌治校刊本	A028menu.html
經部	說文解字　十五卷　 坿 　說文部首　一卷	漢許愼撰　宋徐鉉等奉敕校定 部首　淸丁艮善輯　光緒七年日照丁氏據汲古閣舊藏宋監本重校刊  部首 光緒十年刊	A025menu.html
經部	說文解字繫傳　四十卷	南唐徐鍇撰　道光十九年壽陽祁氏據景宋鈔本重刊	A047menu.html
經部	說文解字繫傳　四十卷　 坿 　校勘記　三卷	南唐徐鍇撰　校勘記　淸祁寯藻撰　道光十九年壽陽祁氏據景宋鈔本重刊	A039menu.html
經部	許氏說文解字五音韻譜　十二卷	宋李燾撰　嘉靖十一年孫氏刊本	A045menu.html
經部	說文解字五音韻譜　十二卷	宋李燾撰　萬曆二十六年崇川陳大科白狼書社刊本	A023menu.html
經部	重刊許氏說文解字五音韻譜　十二卷	宋李燾撰　天啓七年世裕堂刊本	A016menu.html
經部	郋園小學四種		A059menu.html
經部	改併五音類聚四聲篇　十五卷 五音集韻　十五卷  坿  新編經史正音切韻指南　一卷 新編篇韻貫珠集　八卷 直指玉鑰匙門法　一卷	金韓道昭撰 切韻指南 元劉鑑撰 篇韻貫珠集 明釋眞空撰　　正德十年刊本  切韻指南 正德十一年刊	A040menu.html
經部	三字經　一卷	瑞凝堂刊本	A033menu.html
經部	増修互註禮部韻略　殘一卷	宋闕名撰　宋毛晃增注　男毛居正重增刊本	A022menu.html
經部	高郵王氏父子論韻文稿　不分卷	淸王念孫王引之同撰　昭和十一年東方文化學院京都研究所據北平人文科學研究所藏本重鈔	A031menu.html
經部	直音彙韻　一卷	明闕名輯　明刊本	A032menu.html
經部	歙江氏二十一部諧聲表　一卷　入聲表凡例　一卷　 坿 　句容陳氏十九部諧聲孳生述　一卷	淸江有誥撰　十九部諧聲孳生述　淸陳立撰　江都李祖望半畝園鈔本	A026menu.html
經部	英語集全　六卷	淸唐廷樞撰　同治元年廣東刊本　緯經堂藏板	A021menu.html
史部	漢書　零片	漢班固撰　唐顏師古注　宋刊本	B001menu.html
史部	後漢書　九十卷　 坿 　續漢志　三十卷	劉宋范曄撰　唐李賢注　續志　晉司馬彪撰　梁劉昭注　宋刊本	B004menu.html
史部	史記正義佚文　不分卷	日本瀧川龜太郎輯　鈔本	B048menu.html
史部	少備通鑑節要五十卷外紀四卷		B161menu.html
史部	新刊補遺標題論策綱鑑全備精要　二十卷	明郭子章蘇濬同輯　萬曆二十年余秀峯刊本	B107menu.html
史部	皇朝編年備要　三十卷	宋陳均撰　淸白草廬鈔本　有馬玉堂圖記	B013menu.html
史部	三朝北盟會編　二百五十卷	宋徐夢莘撰　鈔本	B073menu.html
史部	山海經十八卷		B148menu.html
史部	金史補　不分卷	淸杭世駿輯　鈔本　有繆荃孫圖記	B005menu.html
史部	宗室王公章京世襲爵秩册	鈔本	B028menu.html
史部	淸史天文志　不分卷	鄧傑臣王崇源同撰　淸史館鈔本　有柯劭忞識語	B006menu.html
史部	儒林公議　不分卷	宋田況撰　鈔本　有曹溶古林武進盛氏所藏圖記	B022menu.html
史部	牙帖執照九種	咸豐宣統閒	B134menu.html
史部	行文底檔	淸宣統中官撰　宣統二年至六年八年至十三年鈔	B050menu.html
史部	唐大詔令集　一百三十卷	宋宋敏求輯　鈔本	B074menu.html
史部	六諭衍義一卷		B149menu.html
史部	國朝諸臣奏議　殘二十六卷	宋趙汝愚輯　宋刊　大德元統閒福州路補刊本	B007menu.html
史部	孫文定公行述　一卷	淸宋維中輯   道光二十一年 春園宋氏也足山房鈔本	B018menu.html
史部	楊忠武公行述　一卷　 坿 　楊時齋宮保中外勤勞錄　一卷	淸楊國佐楊國楨同撰 勤勞錄　淸楊芳撰　道光二十一年春園宋氏也足山房鈔本	B021menu.html
史部	明状元圖考　三卷	明顧祖訓輯　漢陽葉氏平安館刊本	B017menu.html
史部	元和郡縣志四十卷		B150menu.html
史部	廣輿圖　二卷	元朱思本原本　明羅洪先補訂　刊本	B029menu.html
史部	今古輿地圖　三卷	明沈定之呉國輔等撰　崇禎十一年山陰呉氏刊本	B027menu.html
史部	山東圖		B109menu.html
史部	欽定大淸一統志　殘九十五卷　表　一卷	淸乾隆二十九年　敕撰　鈔本	B105menu.html
史部	榮河縣志　二卷	明宋綱纂修　據嘉靖十七年本鈔	B008menu.html
史部	郾城縣志　十二卷	明李振聲修　明李豫等纂　崇禎十年刊本　有山本信有圖記	B009menu.html
史部	廣東通志　七十卷　闕卷第五十四至第五十六	明談愷修 明黃佐等纂   嘉靖三十九年序刊本	B136menu.html
史部	廣西通志　六十卷　闕卷第十六至第二十一第二十八第二十九	明林富修 明黃佐等纂　嘉靖十一年刊本	B106menu.html
史部	海國圖志　五十卷	淸魏源撰   道光二十四年邵陽魏氏古微堂活字印本	B137menu.html
史部	水經注疏　四十卷	淸楊守敬熊會貞同撰　鈔本	B010menu.html
史部	問水漫録		B147menu.html
史部	常熟名勝古蹟古物調査表	闕名撰   鈔本	B139menu.html
史部	京都至伊吾廬行程日記　不分卷	淸□麟撰　鈔本	B046menu.html
史部	李氏五種		B151menu.html
史部	宋朝事實二十卷		B157menu.html
史部	憲綱册	淸光緒宣統間官撰　刊本 有補鈔	B110menu.html
史部	憲法比例徵　四卷	戴澤撰　鈔本	B051menu.html
史部	政治叢書提要　四卷	淸闕名撰  光緒宣統閒內府鈔本	B135menu.html
史部	文公家禮會通　十卷	明湯鐸輯　景泰元年金陵湯氏執中堂刊本	B019menu.html
史部	租簿　道光三年四年	鈔本	B049menu.html
史部	租簿　道光十一年至十五年	鈔本	B030menu.html
史部	租簿　道光十六年至二十年	鈔本	B031menu.html
史部	租簿　同治元年至五年	鈔本	B032menu.html
史部	租簿　同治十二年至光緒三年	鈔本	B033menu.html
史部	租簿　光緒四年至八年	鈔本	B034menu.html
史部	租簿　光緒九年至十三年	鈔本	B035menu.html
史部	入厫同治六年夏麥入厫　光緒四年入厫　光緒十七年入厫　光緒二十年入厫	鈔本	B036menu.html
史部	租數　光緒四年至六年八年十五年十七年	鈔本	B037menu.html
史部	租簿　光緒十九年至二十年	鈔本	B038menu.html
史部	二七淸粮底本	鈔本	B039menu.html
史部	美字上節田號坵名册	鈔本	B040menu.html
史部	大糧各處取租册檔雍正七年　 坿 　大糧各頊庄頭差銀册檔雍正七年十一年	鈔本	B041menu.html
史部	漕白寔徵册　光緒二十七年三十年　地漕定徵册光緒二十七年	鈔本	B042menu.html
史部	山東現行簡明賦役全書･憲綱册･履歴･圖	淸光緒宣統間官撰　刊鈔本	B052menu.html
史部	錢穀精騎　不分卷	淸闕名撰　鈔本	B043menu.html
史部	湖北全省征收錢粮漕米數目淸册　不分卷	淸闕名撰　鈔本	B044menu.html
史部	全省倉穀數目　不分卷	淸闕名撰　道光中鈔本	B045menu.html
史部	楚境長江水師全卷章程　不分卷	淸闕名撰　鈔本	B024menu.html
史部	唐律疏義　三十卷　 坿 　釋文	唐長孫無忌等奉敕撰　釋文　元王元亮撰　鈔本　有莫祥芝莫棠圖記	B011menu.html
史部	陵工事宜淸册　不分卷	淸闕名撰　鈔本	B016menu.html
史部	直齋書錄解題　二十二卷	宋陳振孫撰　元程棨批注　乾隆三十八年序武英殿活字印本　有盧文弨識語呉騫陳鱣識語圖記	B002menu.html
史部	澹庵書目　四卷	淸忻寶華撰　光緒三十三年自序嘉興忻氏不暇嬾齋鈔本	B023menu.html
史部	徐氏家藏書目　四卷　四卷	明徐𤊹撰　光緒十七年江陰繆氏藝風堂鈔本	B014menu.html
史部	絳雲樓書目　不分卷	淸錢謙益撰　淸陳景雲注　鈔本　有呉翌鳳圖記	B020menu.html
史部	木犀軒收藏舊本書目　四卷	李盛鐸撰　鈔本	B071menu.html
史部	嘉業藏書樓宋本書目　一卷	淸劉承幹撰　昭和十二年本所鈔本	B104menu.html
史部	宋元書景　不分卷	淸繆荃孫輯　宣統三年江陰繆氏刊本	B072menu.html
史部	淸閨秀藝文略　五卷	單士釐撰　手稾本	B047menu.html
史部	淸儀閣所藏古器物文　十册	淸張廷濟撰　手稾本	B003menu.html
史部	陳乾藏吉金文字 一卷	淸陳乾輯   拓本	B142menu.html
史部	殷禮足徵齋藏三代文字一卷	徐乃昌輯   拓本	B143menu.html
史部	澂秋館藏器搨本　不分卷	淸陳寶琛輯   拓本	B140menu.html
史部	弘齋藏三代吉金文字 不分卷	□闕名輯   拓本	B141menu.html
史部	金石三例		B162menu.html
史部	泉志　十五卷　補遺錄　一卷	宋洪遵撰　補遺錄　淸高翰伯輯　鈔本	B025menu.html
史部	龜甲獸骨拓片 一卷	王富晉輯   民國中冀王氏拓本	B144menu.html
史部	咸豐朝行用官票	□闕名輯	B026menu.html
史部	金石學錄四卷補一卷		B158menu.html
史部	金石原起説考補一卷		B159menu.html
史部	北宋石經補考一卷		B160menu.html
史部	精刻補註評解綱鑑歴朝捷錄　十卷　首　一卷　 坿 　國朝捷錄　四卷　中興偉畧　一卷　闕元朝捷錄	明顧充撰　明黄道周增訂　國朝捷錄　明李良翰鍾惺同撰　中興偉畧　明馮夢龍輯　余氏尊古堂刊本	B012menu.html
史部	楊鐵崖文集 二卷 卽 史義拾遺	元楊維禎撰   漱雲樓刊本	B138menu.html
史部	尚書六體遺範 十五卷	淸金象乾撰　刊本	B146menu.html
子部	合刻宋明四先生語録		C042menu.html
子部	明儒學案　六十二卷　師說　一卷	淸黄宗羲撰　道光元年會稽莫氏刊本	C010menu.html
子部	三一子　三卷	明程德良撰　萬曆二十八年自序刊本	C032menu.html
子部	十一家註孫子三卷坿十家註孫子遺說一卷孫子今譯		C043menu.html
子部	江南經畧　八卷	明鄭若曾撰　嘉靖四十五年序刊本	C001menu.html
子部	武備志二百四十卷		C047menu.html
子部	治蝗書		C048menu.html
子部	救荒本草		C044menu.html
子部	傷寒論淺註方論合編六卷首一卷		C045menu.html
子部	大明嘉靖二十年歳次辛丑大統曆　一卷	明刊本	C002menu.html
子部	天原發微　五卷	宋鮑雲龍撰   明刊本	C038menu.html
子部	玉髓眞經　三十卷　後卷　二十一卷	宋張洞玄撰　 坿 錄　宋闕名輯　宋劉允中注　宋蔡季通發揮　嘉靖二十九年陳少嶽刊本	C029menu.html
子部	靈臺秘苑　十五卷	北周庾季才原本　宋于大吉等奉敕重修　鈔本　有蔣鳳藻柯逢時圖記　周星詒識語	C003menu.html
子部	大唐開元占經　殘三卷	唐瞿曇悉達等奉敕撰　淸徐有壬校　鈔本	C004menu.html
子部	觀象玩占　四十九卷	□闕名撰　明呉士安沕穆齋鈔本	C005menu.html
子部	二十八宿總論　不分卷	□闕名撰　鈔本	C006menu.html
子部	卜歳恆言		C040menu.html
子部	𧻰日曆書　不分卷　目錄　一卷	□闕名撰　鈔本	C021menu.html
子部	大唐陰陽書　殘一卷	日本鈔本	C007menu.html
子部	集古印譜　四卷　首　一卷	明甘暘撰　刊本	C008menu.html
子部	學山堂印譜　八卷	明張灝輯　崇禎四年鈐印本	C015menu.html
子部	明印式　不分卷	□闕名撰　民國九年嘉善曹氏據江安傅氏藏鈔本鈔	C011menu.html
子部	錦囊印林　四卷	淸汪啓淑輯　鈐本	C025menu.html
子部	古印集存		C041menu.html
子部	奉天舊印　一卷	闕名輯   民國三年鈐本	C026menu.html
子部	製茶景全圖　一卷	幼亭氏繪	C022menu.html
子部	墨子閒詁十五卷目錄一卷附錄一卷後語二卷		C046menu.html
子部	鈍硯巵言		C049menu.html
子部	容齋一筆　十六卷 二筆　十六卷 三筆　十六卷 四筆　十六卷 五筆　十卷	宋洪邁撰　明刊本	C037menu.html
子部	標題徐狀元補注蒙求 三卷	日本活字印本	C031menu.html
子部	新箋決科古今源流至論前集　十卷　後集　十卷	宋林駉撰　弘治二年梅隱書堂刊本	C020menu.html
子部	新鍥正譌訓解標類書言故事大全　四卷	明胡繼宗撰　明李廷機校釋　余雲波刊本	C018menu.html
子部	增補幼學須知雜字大全　三卷　首　一卷	明闕名輯　戊午歳瑯嬛閣刊本	C019menu.html
子部	欽定古今圖書集成　殘三卷　存山川典卷第二十三第二十四考工典卷第五十三 有闕葉	淸康煕中敕撰  活字印本	C035menu.html
子部	永樂大典　殘二卷	明解縉等奉敕輯　隆慶中呂鳴瑒鈔本	C012menu.html
子部	大般若波羅蜜多經　殘一卷	唐釋玄奘奉詔譯　金刊本　趙城廣勝寺金版大藏經之一	C017menu.html
子部	西夏文大方廣佛華嚴經　殘五卷	元活字印本	C014menu.html
子部	西夏文大方廣佛華嚴經　殘一卷	元活字印本	C013menu.html
子部	妙臂菩薩所問經　四卷	宋釋法天奉詔譯　金刊本　趙城廣勝寺金版大藏經之一	C016menu.html
子部	高僧傳　十四卷	梁釋慧皎撰　元刊本	C009menu.html
子部	隆興佛敎編年通論　殘六卷　存卷第三至第五第二十一至第二十三	宋釋祖琇撰　日本刊本	C028menu.html
子部	祖庭事苑　八卷	宋釋善卿撰　日本活字印本	C030menu.html
子部	方壺外史　八卷	明陸西星撰　萬曆中趙宋未孩堂刊本	C034menu.html
集部	楚辭 二卷	明閔齊伋校   烏程閔氏刊本 三色套印	D152menu.html
集部	蔡中郎集　十九卷　十九卷	漢蔡邕撰　淸嚴可均校輯　鈔本	D012menu.html
集部	諸葛忠武侯文集		D155menu.html
集部	高常侍集　二卷	唐高適撰　海陽汪應臯刊本	D058menu.html
集部	杜工部詩通　十六卷	明張綖撰   隆慶六年男張守中刊本	D063menu.html
集部	白樂天文集　三十五卷  坿 　年譜　一卷	唐白居易撰 年譜　淸汪立名撰　餘姚馮氏萍實盦據正德十四年鳳陽郭氏刊本鈔	D060menu.html
集部	樊川文集夾註　四卷　外集夾註　一卷　 坿 　添註	□闕名撰　朝鮮刊本	D053menu.html
集部	晞髮集　十卷	宋謝翱撰 明張蔚然徐𤊹同訂  萬曆四十六年長溪郭氏刊本	D064menu.html
集部	玉斗山人集　三卷　附錄　一卷	元王奕撰　鈔本	D015menu.html
集部	巴西文集 不分卷　不分卷	元鄧文原撰　鈔本　有歙鮑氏知不足齋圖記	D014menu.html
集部	龍谿王先生全集　二十卷	明王畿撰　明刊本	D051menu.html
集部	笥河學士詩集　二十八卷	淸朱筠撰　大興朱氏椒花吟舫鈔本	D016menu.html
集部	笥河文集稿本　不分卷	淸朱筠撰　鈔本	D017menu.html
集部	嶰谷集　一卷　不知名殘稿　一卷	淸朱筠撰　鈔本	D002menu.html
集部	崔東壁先生知非集一卷		D162menu.html
集部	未之思軒襍箸　不分卷	淸朱錫庚撰　大興朱氏椒花吟舫鈔本　有武億李威呉鼒陳希曾朱文翰内藤虎次郎識語	D004menu.html
集部	竟無小品 一卷	歐陽漸撰　手稿本	D052menu.html
集部	文選六十卷		D160menu.html
集部	六家文選　六十卷	梁蕭統輯 唐呂延濟劉良張銑李周翰呂向李善注　嘉靖十三年至二十八年吳郡袁氏嘉趣堂用宋蜀本景刊	D059menu.html
集部	文選　六十卷	梁蕭統輯　唐李善呂延濟劉良張銑李周翰呂向注　寛永二年據直江氏活字印本重活字印	D055menu.html
集部	西江詩派韓饒二集		D158menu.html
集部	金文雅		D156menu.html
集部	鐫李卓吾合選皇明三異人集	明李贄輯　明刊本	D061menu.html
集部	海陵文徵		D157menu.html
集部	近代名人尺牘　不分卷	□闕名輯　手簡本	D018menu.html
集部	曝書亭詞拾遺		D153menu.html
集部	遯盦樂府		D154menu.html
集部	牡丹亭還魂記 二卷	明湯顯祖撰　萬曆中懷德堂刊本	D057menu.html
集部	西湖扇傳奇　二卷	淸丁耀亢撰　刊本	D062menu.html
集部	弘陽嘆世經　二卷	明闕名撰　刊本	D005menu.html
集部	弘陽後續燃燈天華寶卷　三卷	明淸虛道人　鈔本	D019menu.html
集部	寶卷五十種	上海惜陰書局石印本	../BaoJuanWuShiZhong/html/D100top.html
集部	玉連環全傳 十卷	□闕名撰   鈔本	D151menu.html
集部	廣東曲本	廣州五桂堂富桂堂以文堂等刊本	D099menu.html
集部	新刻按鑑編纂開闢衍繹通俗志傳　六卷	明周游撰 明王黌釋   崇禎八年序古吳麟瑞堂刊本	D065menu.html
集部	新刻批評繍像平山冷燕		D161menu.html
集部	新編繡像畫圖緣小傳　十六囘	淸闕名撰   刊本	D054menu.html
集部	鐫像古本西遊證道書　一百囘	明吳承恩撰 淸汪象旭箋評 淸黃太鴻印正  西陵汪氏蜩寄刊本	D056menu.html
集部	新刻鍾伯敬先生批評封神演義十九卷		D159menu.html
集部	三祥報　二十四卷	淸陶炳南撰　鈔本	D050menu.html
叢書部	岱南閣叢書		E162menu.html
叢書部	五經歳徧齋校書三種		E168menu.html
叢書部	江南製造局譯書彙刻	光緒中江南製造局刊排印本	E000menu.html
叢書部	南林叢刊		E172menu.html
叢書部	南林叢刊次集		E178menu.html
叢書部	晁氏三先生集	宋黃汝嘉輯   嘉靖三十三年裔孫黃瑮寶文堂據慶元五年刊本　東吳重刊	E160menu.html
叢書部	郭氏佚書六種		E161menu.html
村本文庫	元白長慶集	萬曆三十四年松江馬氏刊本	Q001top.html
中江文庫	五代史纂誤　三卷	宋吳縝撰   武英殿聚珍版本	R001menu.html
中江文庫	攷古質疑　六卷	宋葉大慶撰   武英殿聚珍版本	R002menu.html
松本文庫	孟子　十四卷	漢趙岐注　日本活字印本	M007menu.html
松本文庫	古文孝經　一卷	漢孔安國傳　日本活字印本	M001menu.html
松本文庫	大唐西域記　十二卷	唐釋玄奘奉敕譯　唐釋辯機撰　日本鈔本	M002menu.html
松本文庫	化度寺碑考　一卷	淸翁方綱撰　嘉慶二年門人李彥章鈔本	M056menu.html
松本文庫	眞西山讀書記乙集上大學衍義　殘三卷	宋眞德秀撰　朝鮮銅活字印本	M003menu.html
松本文庫	方氏墨譜　六卷　首　一卷	明方于魯撰　萬曆十六年序刊本	M052menu.html
松本文庫	新刊鶴林玉露　六卷　二集　六卷　三集　六卷	宋羅大經撰　日本活字印本	M008menu.html
松本文庫	韻府羣玉　二十卷	宋陰時夫陰中夫同撰　元東山秀岩書堂刊本　卷第十五用日本刊本補配	M029menu.html
松本文庫	稽古彙編 十卷	明林光華撰   萬曆五年序活字印本	M082menu.html
松本文庫	金剛般若波羅蜜經　一卷	姚秦釋鳩摩羅什譯　宋張卽之書　文永七年刊本	M058menu.html
松本文庫	金剛般若波羅蜜經　一卷	姚秦釋鳩摩羅什奉詔譯　唐釋慧能解　日本刊本	M010menu.html
松本文庫	金剛般若波羅蜜經　一卷　 坿 　持誦金剛經感應事跡　一卷	姚秦釋鳩摩羅什奉詔譯　感應事跡　□闕名撰　朝鮮刊本	M019menu.html
松本文庫	金剛般若波羅蜜經註解　一卷　般若波羅蜜多心經註解　一卷	明釋宗泐等撰　應永二十七年南禪雲臥據洪武十一年釋宗泐等刊本重刊	M021menu.html
松本文庫	十七家解註金剛經 四卷	宋潘舜龍等輯   萬曆元年刊本  板存三山復初庵	M083menu.html
松本文庫	妙法蓮華經 七卷	姚秦釋鳩摩羅什譯   慶安三年松永貞德刊本	M084menu.html
松本文庫	科註妙法蓮華經　七卷	元徐行善撰　元釋必昇校　日本刊本	M057menu.html
松本文庫	大方廣佛華嚴經 卷第七	晉釋佛陀跋陀羅等譯   貞治三年比丘光信刊本	M085menu.html
松本文庫	大方廣佛華嚴經 八十卷　普賢行願品 一卷	唐釋實叉難陁譯 普賢行顧品 唐釋般若奉詔譯　嘉靖三十年大隆善寺重刊本	M087menu.html
松本文庫	大乘華嚴經略策　一卷　入法界十八問答　一卷　華嚴講主自問自答　一卷	唐釋澄觀撰　鈔本	M043menu.html
松本文庫	大聖文殊師利菩薩佛刹功德莊嚴經　三卷	唐釋不空奉詔釋　大治五年沙門運覺鈔本	M036menu.html
松本文庫	大般涅槃經 四十卷  坿  後分 二卷	北涼釋曇無讖奉詔譯 後分 唐若那跋陀羅等譯  嘉靖三十六年重刊本	M086menu.html
松本文庫	地藏菩薩本願經　二卷	唐釋寶叉難陀譯　日本刊本	M044menu.html
松本文庫	佛說盂蘭盆經一卷　 坿 　疏科分一卷	晉釋竺法護奉詔譯　 坿 錄　宋釋元照撰　日本刊本	M048menu.html
松本文庫	佛說慢法經　一卷	晉釋法炬譯　日本鈔本	M037menu.html
松本文庫	楞伽阿跋多羅寶經　四卷	劉宋釋求那跋陀羅譯　宋刊本	M028menu.html
松本文庫	相續解脱地波羅蜜了義經　一卷	劉宋釋求那跋陀羅譯　元刊本	M049menu.html
松本文庫	佛說解節經　一卷	陳釋眞諦譯　宋刊本	M046menu.html
松本文庫	無所有菩薩經 殘一卷 存卷第四	隋釋闍那崛多等譯   宋刊本	M080menu.html
松本文庫	佛說浴像功德經　一卷	唐釋寶思惟譯　日本鈔本	M030menu.html
松本文庫	大方廣圓覺略疏注經　四卷	唐釋宗密撰　寛永三年活字印本	M065menu.html
松本文庫	佛說大自在天子因地經　一卷　佛說如意摩尼陀羅經　一卷	宋釋施護譯　金刊本　趙城廣勝寺金版大藏經之一	M027menu.html
松本文庫	廣大寶樓閣善住秘密陀羅尼經　三卷	唐釋菩提流志譯　元刊本　至正中印	M009menu.html
松本文庫	金剛頂瑜伽中略出念誦經　殘一卷	唐釋金剛智譯　康平二年釋念慶鈔本	M013menu.html
松本文庫	金剛頂一切如來眞實大乘現證大教王經　殘一卷	唐釋不空譯　日本鈔本	M017menu.html
松本文庫	佛說聖觀自在菩薩梵讚　一卷　佛一百八名讚　一卷　佛說布施經　一卷　佛說聖曜母陀羅尼經　一卷	劉宋釋法賢奉詔譯　元刊本	M070menu.html
松本文庫	四分戒本　一卷	姚秦釋伽陀耶舍譯　元亨二年寓泉涌寺幹緣比丘會源刊本	M045menu.html
松本文庫	解脱戒本經　一卷	後魏釋瞿曇般若流支譯　宋刊本	M042menu.html
松本文庫	五分比丘尼戒本　一卷	梁釋明徽撰　元刊本	M024menu.html
松本文庫	四分比丘戒本　一卷	唐釋懷素輯　元刊本	M041menu.html
松本文庫	阿毗曇甘露味論　二卷	魏闕名譯　金刊本　趙城廣勝寺金版大藏經之一	M032menu.html
松本文庫	阿毗曇毗婆沙論　殘二卷　存卷第四十一第七十四	北涼釋浮陀跋摩釋道泰同譯　元刊本	M071menu.html
松本文庫	雜阿毗曇心論　殘一卷	劉宋釋僧伽跋摩等譯　金刊本　趙城廣勝寺金版大藏經之一	M022menu.html
松本文庫	阿毗達磨品類足論　殘十卷　存卷第一至第十	唐釋玄奘譯　高麗國大藏都監奉敕刊本	M072menu.html
松本文庫	大乘阿毗達磨集論　七卷	唐釋玄奘譯　高麗國大藏都監奉敕刊本　卷第七第四至第十八紙　大正二年松本文三郎補鈔	M059menu.html
松本文庫	觀所綠論釋　一卷　 坿 　音釋	唐釋義淨譯　元刊本	M033menu.html
松本文庫	随相論　一卷	陳釋眞諦譯　金刊本　趙城廣勝寺金版大藏經之一	M004menu.html
松本文庫	大乘起信論　一卷	陳釋眞諦譯　宋刊本	M038menu.html
松本文庫	大乘起信論　一卷	陳釋眞諦譯　日本鈔本	M039menu.html
松本文庫	大乘起信論　一卷	陳釋眞諦譯　高麗大藏都監奉敕刊本	M020menu.html
松本文庫	大乘起信論　一卷	陳釋眞諦譯　永德元年大傳法院阿觀刊本	M040menu.html
松本文庫	大乘起信論疏　二卷	唐釋法藏撰　慶長十七年洛陽飯田久左衞門勝家活字印本	M068menu.html
松本文庫	肇論中吳集解　三卷	宋釋淨源撰　刊本	M073menu.html
松本文庫	白花道場發願文略解	高麗刊本	M074menu.html
松本文庫	十不二門文心解　一卷	宋釋仁岳述　日本活字印本	M060menu.html
松本文庫	請觀世音菩薩消伏毒害陀羅尼三昧儀　一卷	宋釋遵式撰　日本闕名注　日本鈔本	M025menu.html
松本文庫	天台四教儀　一卷	高麗釋諦觀撰　活字印本	M063menu.html
松本文庫	佛說焰口經天地冥陽水陸儀文　卷下	□仔虁撰　建文三年朝鮮刊本	M050menu.html
松本文庫	略諸經論念佛法門往生淨土集　殘一卷 存卷第一 卽　慈悲集 慈愍集  坿 　重編龍舒淨土文　殘卷 存卷第六第一第二葉	唐釋慧日撰　重編龍舒淨土文 宋王日休撰  高麗刊  昭和中印本	M089menu.html
松本文庫	達磨三論　達摩大師血脈論　一卷　悟性論　一卷　破相論　一卷	梁菩提達磨撰　日本活字印本	M061menu.html
松本文庫	六祖大師灋寶壇經　一卷	唐釋慧能撰　鈔本	M054menu.html
松本文庫	證道歌　一卷	唐釋玄覺撰　元趙孟頫書　嘉靖十年慶尚道永川地公山本寺刊本	M051menu.html
松本文庫	雲門匡眞禪師廣錄　三卷	宋釋守堅集　慶長十八年洛陽宗鐵活字印本	M062menu.html
松本文庫	宗鏡錄　殘一卷　存卷第四十七	宋釋延壽撰   宋刊本	M075menu.html
松本文庫	佛果圜悟禪師碧巖錄　十卷	宋釋重顯頌古　宋釋克勤評唱　京都妙心禪寺正眼菴刊本	M067menu.html
松本文庫	大慧普覺禅師書　二卷	宋釋宋杲撰　宋釋慧然錄　日本刊本	M011menu.html
松本文庫	大慧普覺禅師普說　一卷	宋釋宗杲撰　宋釋慧然錄　宋黄文昌重輯　日本刊本	M018menu.html
松本文庫	住鼎州梁山廓庵和尚十牛圖　一卷　 坿 　入衆日用　一卷	宋釋皓昇撰　入衆日用　宋釋宗壽撰　日本刊本	M006menu.html
松本文庫	密庵禅師語錄　一卷	宋釋咸傑撰　宋釋崇岳了悟等輯　日本刊本	M015menu.html
松本文庫	破庵語錄　一卷	宋釋圓照等輯　應安三年刊本	M014menu.html
松本文庫	開山護國仁王禪寺語錄　一卷	宋釋慧開撰　日本刊本	M023menu.html
松本文庫	枯崖和尚漫錄　三卷	宋釋圓悟撰　日本刊本	M016menu.html
松本文庫	迦葉結經　一卷	漢釋安世高譯　乙卯歳伊勢常明寺宗存活字印本　宗存版大藏經之一	M047menu.html
松本文庫	大慈恩寺三藏法師傳　十卷	唐釋慧立撰　唐釋彥悰箋　承元四年鈔本	M005menu.html
松本文庫	歷代三寶紀 殘八卷 存卷第三第五至第七第九第十第十四第十五	隋費長房撰   紹興十八年福州開元禪寺刊本　開元寺版大藏經之一	M076menu.html
松本文庫	歷代三寶紀 殘一卷　卷第三	隋費長房撰   明刊本	M081menu.html
松本文庫	大唐西域求法高僧傳　二卷	唐釋義淨撰　紹興十八年福州開元禪寺刊本	M026menu.html
松本文庫	傳法正宗記　十二卷	宋釋契嵩撰　寛永七年活字印本	M064menu.html
松本文庫	五家正宗贊　不分卷	宋釋紹曇撰　慶長十三年西京花園一枝軒活字印本	M066menu.html
松本文庫	續集古今佛道論衡　一卷	唐釋智昇撰　日本活字印本	M069menu.html
松本文庫	南海寄歸內法傳 殘一卷  存卷第二	唐釋義淨撰   紹興十八年福州開元禪寺刊本	M077menu.html
松本文庫	大宋僧史略　三卷　 坿 　紹興朝旨改正僧道班列文字一集　一卷	宋釋贊寧撰　 坿錄　宋闕名輯　日本刊本	M031menu.html
松本文庫	藏乘法數　一卷	元釋可遂輯　日本刊本	M055menu.html
松本文庫	賢首諸乘法數　十卷	明釋行深輯　朝鮮刊本	M053menu.html
松本文庫	出三藏記集 殘十三卷 存卷第一第三至第六第八至第十五	梁釋僧佑撰   紹興十八年福洲開元禪寺刊本　開元寺版大藏經之一	M078menu.html
松本文庫	開元釋敎錄 殘十三卷 存卷第一第三第六第八第十一至第十四第十六至第二十	唐釋智昇撰   紹興十八年福州開元禪寺刊本　開元寺版大藏經之一	M079menu.html
松本文庫	南華眞經注疏　十卷	晉郭象注 唐成玄英疏   遵義黎氏用宋刊本景刊	M012menu.html
松本文庫	太上三元賜福赦罪解厄消災延生保命妙經　一卷	□闕名撰　刊本	M034menu.html
松本文庫	九天應元雷聲普化天尊玉樞寶經　一卷	□闕名撰  　萬曆四十七年刊本	M035menu.html
松本文庫	太上感應篇經傳　一卷	明闕名撰   活字印本	M088menu.html
内藤文庫	大淸三朝實錄	淸康熙中敕修　鈔本	N013top.html
内藤文庫	滿文太祖高皇帝本紀書	淸闕名撰　嘉慶二十四年鈔本	N014menu.html
内藤文庫	元史譯文證補　三十卷　原闕卷七第八第十三第十六第十七第十九至二十一第二十五第二十八	淸洪鈞撰　光緒二十三年元和陸氏刊本	N017menu.html
内藤文庫	欽定蒙古源流　八卷	蒙古小徹辰薩囊台吉撰　乾隆四十二年敕譯　刊本	N009menu.html
内藤文庫	校正元親征錄　一卷　 坿 　刊誤一卷	元闕名撰　淸何秋濤校正　刊誤　淸沈曾植等撰　光緒二十年桐盧袁氏小漚巢刊本	N003menu.html
内藤文庫	夷氛聞記　五卷	淸梁廷枏撰　鈔本	N006menu.html
内藤文庫	黒韃事略　一卷	宋彭大雅徐霆同撰　上虞羅氏舊藏鈔本　内藤虎次郎手校	N004menu.html
内藤文庫	孤樹裒談 十卷	明李默撰   刊本	N018menu.html
内藤文庫	皇輿圖　不分卷	淸闕名撰　刊本	N011menu.html
内藤文庫	蒙古遊牧記　殘六卷	淸張穆撰　淸何秋濤補　鈔本	N005menu.html
内藤文庫	西域瑣談　四卷	淸七十一撰   鈔本	N012menu.html
内藤文庫	河源紀略　十卷	淸乾隆四十七年敕撰　刊本	N023menu.html
内藤文庫	光緒八九二年南路分界日記圖說　一卷	淸沙克都林札布撰　鈔本	N001menu.html
内藤文庫	沿途日記　不分卷	淸闕名撰　鈔本	N007menu.html
内藤文庫	衞藏驛程記　一卷	淸孫毓麒撰　鈔本	N010menu.html
内藤文庫	塞語　一卷	明尹畊撰　隆慶六年成都高氏刊本	N008menu.html
内藤文庫	滿漢並香集　四卷	淸錢書撰　淸尚玉章譯　鈔本	N002menu.html
内藤文庫	滿漢西廂記　四卷	元王德信撰　淸闕名譯　康熙四十九年刊本	N016menu.html
内藤文庫	滿文金甁梅　一百囘	明笑笑生撰　淸闕名譯　康熙四十七年序刊本	N015menu.html
内藤文庫	定西記 不分卷	淸巴忠撰   乾隆五十四年序刊本	N019menu.html
内藤文庫	裔乘 八卷	明楊一葵撰   萬曆四十三年序刊本	N022menu.html
内藤文庫	秘書志 十一卷	元王士點商企翁同撰   鈔本	N021menu.html
内藤文庫	定武敷文 一卷	淸高宗愛新覺羅弘曆撰   刊本	N020menu.html
新學部	佛學手稿	章炳麟手稿	E001menu.html